[{"model": "base.process", "pk": 1, "fields": {"name": "Gestión Integrada", "abbreviation": "P00"}}, {"model": "base.process", "pk": 2, "fields": {"name": "Gestión de la Innovación", "abbreviation": "P01"}}, {"model": "base.process", "pk": 3, "fields": {"name": "Gestión Comercial", "abbreviation": "P02"}}, {"model": "base.process", "pk": 4, "fields": {"name": "Producción de software", "abbreviation": "P03"}}, {"model": "base.process", "pk": 5, "fields": {"name": "Servicio de Registro de Dominio", "abbreviation": "P04"}}, {"model": "base.process", "pk": 6, "fields": {"name": "Servicio mantenimineto y reparación de computadoras", "abbreviation": "P05"}}, {"model": "base.process", "pk": 7, "fields": {"name": "Comercialización y Servicio postventa a Sistemas Gerenciales", "abbreviation": "P06"}}, {"model": "base.process", "pk": 8, "fields": {"name": "Servicios de conectividad", "abbreviation": "P07"}}, {"model": "base.process", "pk": 9, "fields": {"name": "Servicio de proyectos de redes de computadoras", "abbreviation": "P08"}}, {"model": "base.process", "pk": 10, "fields": {"name": "Servicio cursps en línea", "abbreviation": "P09"}}, {"model": "base.process", "pk": 11, "fields": {"name": "Servicio de comercio electrónico", "abbreviation": "P10"}}, {"model": "base.process", "pk": 12, "fields": {"name": "Gestión de Recursos Humanos", "abbreviation": "P11"}}, {"model": "base.process", "pk": 13, "fields": {"name": "Gestión de Aseguramiento de los recursos Generales", "abbreviation": "P12"}}, {"model": "base.process", "pk": 14, "fields": {"name": "Gestión Contable Financiera", "abbreviation": "P13"}}, {"model": "base.process", "pk": 15, "fields": {"name": "Gestión de la información", "abbreviation": "P14"}}, {"model": "base.process", "pk": 16, "fields": {"name": "Servicio de reproducción", "abbreviation": "P15"}}, {"model": "base.process", "pk": 17, "fields": {"name": "Servicio de Video Conferencias", "abbreviation": "P16"}}, {"model": "base.procedure", "pk": 1, "fields": {"process": 1, "name": "Regulaciones en la elaboración y control de los documentos del SGI", "abbreviation": "01", "responsible": 1, "edition": "06", "revision": "06", "active": true}}, {"model": "base.procedure", "pk": 2, "fields": {"process": 1, "name": "Para la gestión de los procesos", "abbreviation": "03", "responsible": 2, "edition": "06", "revision": "06", "active": true}}, {"model": "base.procedure", "pk": 4, "fields": {"process": 1, "name": "Para el control de productos no conformes. Acciones correctivas y preventivas", "abbreviation": "04", "responsible": 2, "edition": "06", "revision": "06", "active": true}}, {"model": "base.procedure", "pk": 5, "fields": {"process": 1, "name": "Para la gestión del cliente", "abbreviation": "06", "responsible": 16, "edition": "06", "revision": "06", "active": true}}, {"model": "base.procedure", "pk": 6, "fields": {"process": 1, "name": "Para la gestión de auditorías internas", "abbreviation": "05", "responsible": 2, "edition": "06", "revision": "06", "active": true}}, {"model": "base.procedure", "pk": 7, "fields": {"process": 1, "name": "Sobre los grupos de mejora continua del SGI", "abbreviation": "07", "responsible": 1, "edition": "06", "revision": "06", "active": true}}, {"model": "base.procedure", "pk": 8, "fields": {"process": 1, "name": "Para la identificación de los impactos ambientales y sus posibles alernativas de solución", "abbreviation": "09", "responsible": 1, "edition": "06", "revision": "06", "active": true}}, {"model": "base.procedure", "pk": 9, "fields": {"process": 1, "name": "Procedimiento general para las salvas de información", "abbreviation": "10", "responsible": 16, "edition": "06", "revision": "06", "active": true}}, {"model": "base.procedure", "pk": 10, "fields": {"process": 2, "name": "Para la gestión de los proyectos", "abbreviation": "01", "responsible": 2, "edition": "06", "revision": "06", "active": true}}, {"model": "base.procedure", "pk": 11, "fields": {"process": 2, "name": "Sobre las regulaciones para el uso de internet y/o correo electrónico", "abbreviation": "02", "responsible": 1, "edition": "06", "revision": "06", "active": true}}, {"model": "base.procedure", "pk": 12, "fields": {"process": 2, "name": "Para gestión y entrega de los certificados de los cursos impartidos por CITMATEL", "abbreviation": "04", "responsible": 2, "edition": "06", "revision": "06", "active": true}}, {"model": "base.procedure", "pk": 13, "fields": {"process": 2, "name": "Para la entrega de productos terminados a comercial", "abbreviation": "05", "responsible": 2, "edition": "06", "revision": "06", "active": true}}, {"model": "effectiveness.indicator", "pk": 1, "fields": {"name": "Cumplimiento del plan de auditorías y controles internos al 95%", "active": true}}, {"model": "effectiveness.indicator", "pk": 2, "fields": {"name": "Gestión del 100% de las no conformidades detectadas en el período analizado", "active": true}}, {"model": "effectiveness.indicator", "pk": 3, "fields": {"name": "Gestión y respuesta al 100% de las quejas y reclamaciones de los clientes", "active": true}}, {"model": "effectiveness.indicator", "pk": 4, "fields": {"name": "Eficacia promedio del 95 de los procesos declarados en el Sistema de Gestión", "active": true}}, {"model": "effectiveness.indicator", "pk": 5, "fields": {"name": "Índice global de satisfacción del cliente por encima del 90%", "active": true}}, {"model": "effectiveness.indicatormeasurer", "pk": 1, "fields": {"indicator": 1, "name": "No cumple con los objetivos", "qualification": 1}}, {"model": "effectiveness.indicatormeasurer", "pk": 2, "fields": {"indicator": 1, "name": "No cumple con el alcance", "qualification": 2}}, {"model": "effectiveness.indicatormeasurer", "pk": 3, "fields": {"indicator": 1, "name": "Deficiencias con el cumplimiento en tiempo del programa y cumple con los objetivos, el alcance y documentación de la auditoría", "qualification": 3}}, {"model": "effectiveness.indicatormeasurer", "pk": 4, "fields": {"indicator": 1, "name": "Cumple con el programa, los objetivos, el alcance y documentación y fallas menores en la documentación", "qualification": 4}}, {"model": "effectiveness.indicatormeasurer", "pk": 5, "fields": {"indicator": 1, "name": "Cumple con el programa, los objetivos, el alcance y documentación", "qualification": 5}}, {"model": "effectiveness.indicatormeasurer", "pk": 6, "fields": {"indicator": 2, "name": "Algún incumplimiento mayor. (Se clasifica la No conformidad como mayor si existe algún requisito de la organización no regulatorio. Se considera No conformidad menor si existe algún incumplimiento de algún requisito de la organización no regulatorio))", "qualification": 1}}, {"model": "effectiveness.indicatormeasurer", "pk": 7, "fields": {"indicator": 2, "name": "Mas de 2 incumplimientos menores", "qualification": 2}}, {"model": "effectiveness.indicatormeasurer", "pk": 8, "fields": {"indicator": 2, "name": "Quedan No Conformidades sin resolver después de la segunda fecha propuesta", "qualification": 1}}, {"model": "effectiveness.indicatormeasurer", "pk": 9, "fields": {"indicator": 2, "name": "El 85% de las No Conformidades son resueltas", "qualification": 3}}, {"model": "effectiveness.indicatormeasurer", "pk": 10, "fields": {"indicator": 2, "name": "Se resuelven las No Conformidades detectadas antes ó en la fecha acordada", "qualification": 5}}, {"model": "effectiveness.indicatormeasurer", "pk": 11, "fields": {"indicator": 3, "name": "Se encuentran sin resolver menos del 69% de las quejas  y/o reclamaciones de clientes", "qualification": 1}}, {"model": "effectiveness.indicatormeasurer", "pk": 12, "fields": {"indicator": 3, "name": "Se encuentran resueltas las quejas y/o reclamaciones de clientes entre un 75% y 85%", "qualification": 3}}, {"model": "effectiveness.indicatormeasurer", "pk": 13, "fields": {"indicator": 3, "name": "Se encuentran resueltas las quejas y/o reclamaciones de clientes entre un 85% y 99%", "qualification": 4}}, {"model": "effectiveness.indicatormeasurer", "pk": 14, "fields": {"indicator": 3, "name": "Se encuentran resueltas las quejas y/o reclamaciones de clientes al 100%", "qualification": 5}}, {"model": "effectiveness.indicatormeasurer", "pk": 15, "fields": {"indicator": 4, "name": "Menos del 75% del resto de los procesos son eficaces", "qualification": 1}}, {"model": "effectiveness.indicatormeasurer", "pk": 16, "fields": {"indicator": 4, "name": "Son eficaces entre un 76% y 84% del resto de los procesos declarados en el Sistema Integrado de Gestión", "qualification": 3}}, {"model": "effectiveness.indicatormeasurer", "pk": 17, "fields": {"indicator": 4, "name": "Son eficaces entre un 85% y 99% del resto de los procesos declarados en el Sistema Integrado de Gestión", "qualification": 4}}, {"model": "effectiveness.indicatormeasurer", "pk": 18, "fields": {"indicator": 4, "name": "Son eficaces el 100%  del resto de los precesos declarados en el Sistema Integrado de Gestión", "qualification": 5}}, {"model": "effectiveness.indicatormeasurer", "pk": 19, "fields": {"indicator": 5, "name": "El índice global de satisfacción del cliente se encuentra por debajo de 3", "qualification": 1}}, {"model": "effectiveness.indicatormeasurer", "pk": 20, "fields": {"indicator": 5, "name": "El índice global de satisfacción del cliente se encuentra entre 3.1 y 3.5", "qualification": 3}}, {"model": "effectiveness.indicatormeasurer", "pk": 21, "fields": {"indicator": 5, "name": "El índice global de satisfacción del cliente se encuentra entre 3.6 y 4.4", "qualification": 4}}, {"model": "effectiveness.indicatormeasurer", "pk": 22, "fields": {"indicator": 5, "name": "El índice global de satisfacción del cliente se encuentra 4.5 y 5", "qualification": 5}}]